Loan_ID,Gender,Married,Dependents,Education,Self_Employed,Applicant Income per day,ApplicantIncome,Coapplicant Income per day,CoapplicantIncome,LoanAmount,Loan_Amount_Term,Credit_History,Property_Area,Loan_Status
LP001002,Male,No,0,Graduate,No,5849,584900,0,0,,360,1,Urban,Y
LP001003,Male,Yes,1,Graduate,No,4583,458300,1508,150800,12800,360,1,Rural,N
LP001005,Male,Yes,0,Graduate,Yes,3000,300000,0,0,66000,360,1,Urban,Y
LP001006,Male,Yes,0,Not Graduate,No,2583,258300,2358,235800,12000,360,1,Urban,Y
LP001008,Male,No,0,Graduate,No,6000,600000,0,0,14100,360,1,Urban,Y
LP001011,Male,Yes,2,Graduate,Yes,5417,541700,4196,419600,26700,360,1,Urban,Y
LP001013,Male,Yes,0,Not Graduate,No,2333,233300,1516,151600,95000,360,1,Urban,Y
LP001014,Male,Yes,3+,Graduate,No,3036,303600,2504,250400,15800,360,0,Semiurban,N
LP001018,Male,Yes,2,Graduate,No,4006,400600,1526,152600,168000,360,1,Urban,Y
LP001020,Male,Yes,1,Graduate,No,12841,1284100,10968,1096800,340900,360,1,Semiurban,N
LP001024,Male,Yes,2,Graduate,No,3200,320000,700,70000,70000,360,1,Urban,Y
LP001027,Male,Yes,2,Graduate,,2500,250000,1840,184000,10900,360,1,Urban,Y
LP001028,Male,Yes,2,Graduate,No,3073,307300,8106,810600,200000,360,1,Urban,Y
LP001029,Male,No,0,Graduate,No,1853,185300,2840,284000,114000,360,1,Rural,N
LP001030,Male,Yes,2,Graduate,No,1299,129900,1086,108600,170000,120,1,Urban,Y
LP001032,Male,No,0,Graduate,No,4950,495000,0,0,120500,360,1,Urban,Y
LP001034,Male,No,1,Not Graduate,No,3596,359600,0,0,10000,240,,Urban,Y
LP001036,Female,No,0,Graduate,No,3510,351000,0,0,76000,360,0,Urban,N
LP001038,Male,Yes,0,Not Graduate,No,4887,488700,0,0,13300,360,1,Rural,N
LP001041,Male,Yes,0,Graduate,,2600,260000,3500,350000,11500,,1,Urban,Y
LP001043,Male,Yes,0,Not Graduate,No,7660,766000,0,0,10400,360,0,Urban,N
LP001046,Male,Yes,1,Graduate,No,5955,595500,5625,562500,31500,360,1,Urban,Y
LP001047,Male,Yes,0,Not Graduate,No,2600,260000,1911,191100,11600,360,0,Semiurban,N
LP001050,,Yes,2,Not Graduate,No,3365,336500,1917,191700,11200,360,0,Rural,N
LP001052,Male,Yes,1,Graduate,,3717,371700,2925,292500,15100,360,,Semiurban,N
LP001066,Male,Yes,0,Graduate,Yes,9560,956000,0,0,19100,360,1,Semiurban,Y
LP001068,Male,Yes,0,Graduate,No,2799,279900,2253,225300,12200,360,1,Semiurban,Y
LP001073,Male,Yes,2,Not Graduate,No,4226,422600,1040,104000,11000,360,1,Urban,Y
LP001086,Male,No,0,Not Graduate,No,1442,144200,0,0,35000,360,1,Urban,N
LP001087,Female,No,2,Graduate,,3750,375000,2083,208300,12000,360,1,Semiurban,Y
LP001091,Male,Yes,1,Graduate,,4166,416600,3369,336900,20100,360,,Urban,N
LP001095,Male,No,0,Graduate,No,3167,316700,0,0,74000,360,1,Urban,N
LP001097,Male,No,1,Graduate,Yes,4692,469200,0,0,10600,360,1,Rural,N
LP001098,Male,Yes,0,Graduate,No,3500,350000,1667,166700,11400,360,1,Semiurban,Y
LP001100,Male,No,3+,Graduate,No,12500,1250000,3000,300000,32000,360,1,Rural,N
LP001106,Male,Yes,0,Graduate,No,2275,227500,2067,206700,,360,1,Urban,Y
LP001109,Male,Yes,0,Graduate,No,1828,182800,1330,133000,10000,,0,Urban,N
LP001112,Female,Yes,0,Graduate,No,3667,366700,1459,145900,14400,360,1,Semiurban,Y
LP001114,Male,No,0,Graduate,No,4166,416600,7210,721000,18400,360,1,Urban,Y
LP001116,Male,No,0,Not Graduate,No,3748,374800,1668,166800,11000,360,1,Semiurban,Y
LP001119,Male,No,0,Graduate,No,3600,360000,0,0,80000,360,1,Urban,N
LP001120,Male,No,0,Graduate,No,1800,180000,1213,121300,40070,360,1,Urban,Y
LP001123,Male,Yes,0,Graduate,No,2400,240000,0,0,7500,360,,Urban,Y
LP001131,Male,Yes,0,Graduate,No,3941,394100,2336,233600,13400,360,1,Semiurban,Y
LP001136,Male,Yes,0,Not Graduate,Yes,4695,469500,0,0,9600,,1,Urban,Y
LP001137,Female,No,0,Graduate,No,3410,341000,0,0,8800,,1,Urban,Y
LP001138,Male,Yes,1,Graduate,No,5649,564900,0,0,4400,360,1,Urban,Y
LP001144,Male,Yes,0,Graduate,No,5821,582100,0,0,14400,360,1,Urban,Y
LP001146,Female,Yes,0,Graduate,No,2645,264500,3440,344000,12000,360,0,Urban,N
LP001151,Female,No,0,Graduate,No,4000,400000,2275,227500,14400,360,1,Semiurban,Y
LP001155,Female,Yes,0,Not Graduate,No,1928,192800,1644,164400,10000,360,1,Semiurban,Y
LP001157,Female,No,0,Graduate,No,3086,308600,0,0,12000,360,1,Semiurban,Y
LP001164,Female,No,0,Graduate,No,4230,423000,0,0,11200,360,1,Semiurban,N
LP001179,Male,Yes,2,Graduate,No,4616,461600,0,0,13400,360,1,Urban,N
LP001186,Female,Yes,1,Graduate,Yes,11500,1150000,0,0,28600,360,0,Urban,N
LP001194,Male,Yes,2,Graduate,No,2708,270800,1167,116700,9700,360,1,Semiurban,Y
LP001195,Male,Yes,0,Graduate,No,2132,213200,1591,159100,9600,360,1,Semiurban,Y
LP001197,Male,Yes,0,Graduate,No,3366,336600,2200,220000,13500,360,1,Rural,N
LP001198,Male,Yes,1,Graduate,No,8080,808000,2250,225000,18000,360,1,Urban,Y
LP001199,Male,Yes,2,Not Graduate,No,3357,335700,2859,285900,14400,360,1,Urban,Y
LP001205,Male,Yes,0,Graduate,No,2500,250000,3796,379600,12000,360,1,Urban,Y
LP001206,Male,Yes,3+,Graduate,No,3029,302900,0,0,9900,360,1,Urban,Y
LP001207,Male,Yes,0,Not Graduate,Yes,2609,260900,3449,344900,16500,180,0,Rural,N
LP001213,Male,Yes,1,Graduate,No,4945,494500,0,0,,360,0,Rural,N
LP001222,Female,No,0,Graduate,No,4166,416600,0,0,11600,360,0,Semiurban,N
LP001225,Male,Yes,0,Graduate,No,5726,572600,4595,459500,25800,360,1,Semiurban,N
LP001228,Male,No,0,Not Graduate,No,3200,320000,2254,225400,12600,180,0,Urban,N
LP001233,Male,Yes,1,Graduate,No,10750,1075000,0,0,12600,360,1,Urban,Y
LP001238,Male,Yes,3+,Not Graduate,Yes,7100,710000,0,0,12600,60,1,Urban,Y
LP001241,Female,No,0,Graduate,No,4300,430000,0,0,12600,360,0,Semiurban,N
LP001243,Male,Yes,0,Graduate,No,3208,320800,3066,306600,12600,360,1,Urban,Y
LP001245,Male,Yes,2,Not Graduate,Yes,1875,187500,1875,187500,12600,360,1,Semiurban,Y
LP001248,Male,No,0,Graduate,No,3500,350000,0,0,12600,300,1,Semiurban,Y
LP001250,Male,Yes,3+,Not Graduate,No,4755,475500,0,0,12600,,0,Semiurban,N
LP001253,Male,Yes,3+,Graduate,Yes,5266,526600,1774,177400,12600,360,1,Semiurban,Y
LP001255,Male,No,0,Graduate,No,3750,375000,0,0,12600,480,1,Urban,N
LP001256,Male,No,0,Graduate,No,3750,375000,4750,475000,12600,360,1,Urban,N
LP001259,Male,Yes,1,Graduate,Yes,1000,100000,3022,302200,12600,360,1,Urban,N
LP001263,Male,Yes,3+,Graduate,No,3167,316700,4000,400000,12600,300,0,Semiurban,N
LP001264,Male,Yes,3+,Not Graduate,Yes,3333,333300,2166,216600,12600,360,,Semiurban,Y
LP001265,Female,No,0,Graduate,No,3846,384600,0,0,12600,360,1,Semiurban,Y
LP001266,Male,Yes,1,Graduate,Yes,2395,239500,0,0,,360,1,Semiurban,Y
LP001267,Female,Yes,2,Graduate,No,1378,137800,1881,188100,16700,360,1,Urban,N
LP001273,Male,Yes,0,Graduate,No,6000,600000,2250,225000,26500,360,,Semiurban,N
LP001275,Male,Yes,1,Graduate,No,3988,398800,0,0,50000,240,1,Urban,Y
LP001279,Male,No,0,Graduate,No,2366,236600,2531,253100,13600,360,1,Semiurban,Y
LP001280,Male,Yes,2,Not Graduate,No,3333,333300,2000,200000,9900,360,,Semiurban,Y
LP001282,Male,Yes,0,Graduate,No,2500,250000,2118,211800,10400,360,1,Semiurban,Y
LP001289,Male,No,0,Graduate,No,8566,856600,0,0,2100,360,1,Urban,Y
LP001310,Male,Yes,0,Graduate,No,5695,569500,4167,416700,17500,360,1,Semiurban,Y
LP001316,Male,Yes,0,Graduate,No,2958,295800,2900,290000,13100,360,1,Semiurban,Y
LP001318,Male,Yes,2,Graduate,No,6250,625000,5654,565400,18800,180,1,Semiurban,Y
LP001319,Male,Yes,2,Not Graduate,No,3273,327300,1820,182000,8100,360,1,Urban,Y
LP001322,Male,No,0,Graduate,No,4133,413300,0,0,12200,360,1,Semiurban,Y
LP001325,Male,No,0,Not Graduate,No,3620,362000,0,0,25000,120,1,Semiurban,Y
LP001326,Male,No,0,Graduate,,6782,678200,0,0,,360,,Urban,N
LP001327,Female,Yes,0,Graduate,No,2484,248400,2302,230200,13700,360,1,Semiurban,Y
LP001333,Male,Yes,0,Graduate,No,1977,197700,997,99700,50000,360,1,Semiurban,Y
LP001334,Male,Yes,0,Not Graduate,No,4188,418800,0,0,11500,180,1,Semiurban,Y
LP001343,Male,Yes,0,Graduate,No,1759,175900,3541,354100,13100,360,1,Semiurban,Y
LP001345,Male,Yes,2,Not Graduate,No,4288,428800,3263,326300,13300,180,1,Urban,Y
LP001349,Male,No,0,Graduate,No,4843,484300,3806,380600,15100,360,1,Semiurban,Y
LP001350,Male,Yes,,Graduate,No,13650,1365000,0,0,,360,1,Urban,Y
LP001356,Male,Yes,0,Graduate,No,4652,465200,3583,358300,,360,1,Semiurban,Y
LP001357,Male,,,Graduate,No,3816,381600,754,75400,16000,360,1,Urban,Y
LP001367,Male,Yes,1,Graduate,No,3052,305200,1030,103000,16000,360,1,Urban,Y
LP001369,Male,Yes,2,Graduate,No,11417,1141700,1126,112600,16000,360,1,Urban,Y
LP001370,Male,No,0,Not Graduate,,7333,733300,0,0,16000,360,1,Rural,N
LP001379,Male,Yes,2,Graduate,No,3800,380000,3600,360000,16000,360,0,Urban,N
LP001384,Male,Yes,3+,Not Graduate,No,2071,207100,754,75400,16000,480,1,Semiurban,Y
LP001385,Male,No,0,Graduate,No,5316,531600,0,0,16000,360,1,Urban,Y
LP001387,Female,Yes,0,Graduate,,2929,292900,2333,233300,16000,360,1,Semiurban,Y
LP001391,Male,Yes,0,Not Graduate,No,3572,357200,4114,411400,16000,,0,Rural,N
LP001392,Female,No,1,Graduate,Yes,7451,745100,0,0,,360,1,Semiurban,Y
LP001398,Male,No,0,Graduate,,5050,505000,0,0,11800,360,1,Semiurban,Y
LP001401,Male,Yes,1,Graduate,No,14583,1458300,0,0,18500,180,1,Rural,Y
LP001404,Female,Yes,0,Graduate,No,3167,316700,2283,228300,15400,360,1,Semiurban,Y
LP001405,Male,Yes,1,Graduate,No,2214,221400,1398,139800,8500,360,,Urban,Y
LP001421,Male,Yes,0,Graduate,No,5568,556800,2142,214200,17500,360,1,Rural,N
LP001422,Female,No,0,Graduate,No,10408,1040800,0,0,25900,360,1,Urban,Y
LP001426,Male,Yes,,Graduate,No,5667,566700,2667,266700,25900,360,1,Rural,Y
LP001430,Female,No,0,Graduate,No,4166,416600,0,0,25900,360,1,Semiurban,Y
LP001431,Female,No,0,Graduate,No,2137,213700,8980,898000,25900,360,0,Semiurban,Y
LP001432,Male,Yes,2,Graduate,No,2957,295700,0,0,25900,360,1,Semiurban,Y
LP001439,Male,Yes,0,Not Graduate,No,4300,430000,2014,201400,25900,360,1,Rural,Y
LP001443,Female,No,0,Graduate,No,3692,369200,0,0,25900,360,,Rural,Y
LP001448,,Yes,3+,Graduate,No,23803,2380300,0,0,25900,360,1,Rural,Y
LP001449,Male,No,0,Graduate,No,3865,386500,1640,164000,,360,1,Rural,Y
LP001451,Male,Yes,1,Graduate,Yes,10513,1051300,3850,385000,16000,180,0,Urban,N
LP001465,Male,Yes,0,Graduate,No,6080,608000,2569,256900,18200,360,,Rural,N
LP001469,Male,No,0,Graduate,Yes,20166,2016600,0,0,65000,480,,Urban,Y
LP001473,Male,No,0,Graduate,No,2014,201400,1929,192900,74000,360,1,Urban,Y
LP001478,Male,No,0,Graduate,No,2718,271800,0,0,70000,360,1,Semiurban,Y
LP001482,Male,Yes,0,Graduate,Yes,3459,345900,0,0,25000,120,1,Semiurban,Y
LP001487,Male,No,0,Graduate,No,4895,489500,0,0,10200,360,1,Semiurban,Y
LP001488,Male,Yes,3+,Graduate,No,4000,400000,7750,775000,29000,360,1,Semiurban,N
LP001489,Female,Yes,0,Graduate,No,4583,458300,0,0,80040,360,1,Rural,N
LP001491,Male,Yes,2,Graduate,Yes,3316,331600,3500,350000,18800,360,1,Urban,Y
LP001492,Male,No,0,Graduate,No,14999,1499900,0,0,24200,360,0,Semiurban,N
LP001493,Male,Yes,2,Not Graduate,No,4200,420000,1430,143000,12900,360,1,Rural,N
LP001497,Male,Yes,2,Graduate,No,5042,504200,2083,208300,18500,360,1,Rural,N
LP001498,Male,No,0,Graduate,No,5417,541700,0,0,16800,360,1,Urban,Y
LP001504,Male,No,0,Graduate,Yes,6950,695000,0,0,17500,180,1,Semiurban,Y
LP001507,Male,Yes,0,Graduate,No,2698,269800,2034,203400,12200,360,1,Semiurban,Y
LP001508,Male,Yes,2,Graduate,No,11757,1175700,0,0,18700,180,1,Urban,Y
LP001514,Female,Yes,0,Graduate,No,2330,233000,4486,448600,10000,360,1,Semiurban,Y
LP001516,Female,Yes,2,Graduate,No,14866,1486600,0,0,7000,360,1,Urban,Y
LP001518,Male,Yes,1,Graduate,No,1538,153800,1425,142500,3000,360,1,Urban,Y
LP001519,Female,No,0,Graduate,No,10000,1000000,1666,166600,22500,360,1,Rural,N
LP001520,Male,Yes,0,Graduate,No,4860,486000,830,83000,12500,360,1,Semiurban,Y
LP001528,Male,No,0,Graduate,No,6277,627700,0,0,11800,360,0,Rural,N
LP001529,Male,Yes,0,Graduate,Yes,2577,257700,3750,375000,15200,360,1,Rural,Y
LP001531,Male,No,0,Graduate,No,9166,916600,0,0,24400,360,1,Urban,N
LP001532,Male,Yes,2,Not Graduate,No,2281,228100,0,0,11300,360,1,Rural,N
LP001535,Male,No,0,Graduate,No,3254,325400,0,0,11300,360,1,Urban,Y
LP001536,Male,Yes,3+,Graduate,No,39999,3999900,0,0,11300,180,0,Semiurban,Y
LP001541,Male,Yes,1,Graduate,No,6000,600000,0,0,11300,360,,Rural,Y
LP001543,Male,Yes,1,Graduate,No,9538,953800,0,0,11300,360,1,Urban,Y
LP001546,Male,No,0,Graduate,,2980,298000,2083,208300,11300,360,1,Rural,Y
LP001552,Male,Yes,0,Graduate,No,4583,458300,5625,562500,11300,360,1,Semiurban,Y
LP001560,Male,Yes,0,Not Graduate,No,1863,186300,1041,104100,11300,360,1,Semiurban,Y
LP001562,Male,Yes,0,Graduate,No,7933,793300,0,0,11300,360,1,Urban,N
LP001565,Male,Yes,1,Graduate,No,3089,308900,1280,128000,11300,360,0,Semiurban,N
LP001570,Male,Yes,2,Graduate,No,4167,416700,1447,144700,11300,360,1,Rural,Y
LP001572,Male,Yes,0,Graduate,No,9323,932300,0,0,11300,180,1,Urban,Y
LP001574,Male,Yes,0,Graduate,No,3707,370700,3166,316600,18000,,1,Rural,Y
LP001577,Female,Yes,0,Graduate,No,4583,458300,0,0,11200,360,1,Rural,N
LP001578,Male,Yes,0,Graduate,No,2439,243900,3333,333300,12900,360,1,Rural,Y
LP001579,Male,No,0,Graduate,No,2237,223700,0,0,63000,480,0,Semiurban,N
LP001580,Male,Yes,2,Graduate,No,8000,800000,0,0,20000,360,1,Semiurban,Y
LP001581,Male,Yes,0,Not Graduate,,1820,182000,1769,176900,9500,360,1,Rural,Y
LP001585,,Yes,3+,Graduate,No,51763,5176300,0,0,70000,300,1,Urban,Y
LP001586,Male,Yes,3+,Not Graduate,No,3522,352200,0,0,81000,180,1,Rural,N
LP001594,Male,Yes,0,Graduate,No,5708,570800,5625,562500,18700,360,1,Semiurban,Y
LP001603,Male,Yes,0,Not Graduate,Yes,4344,434400,736,73600,18700,360,1,Semiurban,N
LP001606,Male,Yes,0,Graduate,No,3497,349700,1964,196400,18700,360,1,Rural,Y
LP001608,Male,Yes,2,Graduate,No,2045,204500,1619,161900,18700,360,1,Rural,Y
LP001610,Male,Yes,3+,Graduate,No,5516,551600,11300,1130000,18700,360,0,Semiurban,N
LP001616,Male,Yes,1,Graduate,No,3750,375000,0,0,18700,360,1,Semiurban,Y
LP001630,Male,No,0,Not Graduate,No,2333,233300,1451,145100,18700,480,0,Urban,N
LP001633,Male,Yes,1,Graduate,No,6400,640000,7250,725000,18700,360,0,Urban,N
LP001634,Male,No,0,Graduate,No,1916,191600,5063,506300,18700,360,,Rural,N
LP001636,Male,Yes,0,Graduate,No,4600,460000,0,0,18700,180,1,Semiurban,Y
LP001637,Male,Yes,1,Graduate,No,33846,3384600,0,0,18700,360,1,Semiurban,N
LP001639,Female,Yes,0,Graduate,No,3625,362500,0,0,18700,360,1,Semiurban,Y
LP001640,Male,Yes,0,Graduate,Yes,39147,3914700,4750,475000,18700,360,1,Semiurban,Y
LP001641,Male,Yes,1,Graduate,Yes,2178,217800,0,0,18700,300,0,Rural,N
LP001643,Male,Yes,0,Graduate,No,2383,238300,2138,213800,18700,360,,Rural,Y
LP001644,,Yes,0,Graduate,Yes,674,67400,5296,529600,18700,360,1,Rural,Y
LP001647,Male,Yes,0,Graduate,No,9328,932800,0,0,18700,180,1,Rural,Y
LP001653,Male,No,0,Not Graduate,No,4885,488500,0,0,18700,360,1,Rural,Y
LP001656,Male,No,0,Graduate,No,12000,1200000,0,0,18700,360,1,Semiurban,N
LP001657,Male,Yes,0,Not Graduate,No,6033,603300,0,0,18700,360,1,Urban,N
LP001658,Male,No,0,Graduate,No,3858,385800,0,0,18700,360,1,Semiurban,Y
LP001664,Male,No,0,Graduate,No,4191,419100,0,0,18700,360,1,Rural,Y
LP001665,Male,Yes,1,Graduate,No,3125,312500,2583,258300,18700,360,1,Semiurban,N
LP001666,Male,No,0,Graduate,No,8333,833300,3750,375000,18700,360,1,Rural,Y
LP001669,Female,No,0,Not Graduate,No,1907,190700,2365,236500,12000,,1,Urban,Y
LP001671,Female,Yes,0,Graduate,No,3416,341600,2816,281600,11300,360,,Semiurban,Y
LP001673,Male,No,0,Graduate,Yes,11000,1100000,0,0,11300,360,1,Urban,N
LP001674,Male,Yes,1,Not Graduate,No,2600,260000,2500,250000,11300,360,1,Semiurban,Y
LP001677,Male,No,2,Graduate,No,4923,492300,0,0,11300,360,0,Semiurban,Y
LP001682,Male,Yes,3+,Not Graduate,No,3992,399200,0,0,11300,180,1,Urban,N
LP001688,Male,Yes,1,Not Graduate,No,3500,350000,1083,108300,11300,360,1,Urban,Y
LP001691,Male,Yes,2,Not Graduate,No,3917,391700,0,0,12400,360,1,Semiurban,Y
LP001692,Female,No,0,Not Graduate,No,4408,440800,0,0,12400,360,1,Semiurban,Y
LP001693,Female,No,0,Graduate,No,3244,324400,0,0,12400,360,1,Urban,Y
LP001698,Male,No,0,Not Graduate,No,3975,397500,2531,253100,12400,360,1,Rural,Y
LP001699,Male,No,0,Graduate,No,2479,247900,0,0,12400,360,1,Urban,Y
LP001702,Male,No,0,Graduate,No,3418,341800,0,0,12400,360,1,Semiurban,N
LP001708,Female,No,0,Graduate,No,10000,1000000,0,0,12400,360,1,Semiurban,N
LP001711,Male,Yes,3+,Graduate,No,3430,343000,1250,125000,12800,360,0,Semiurban,N
LP001713,Male,Yes,1,Graduate,Yes,7787,778700,0,0,24000,360,1,Urban,Y
LP001715,Male,Yes,3+,Not Graduate,Yes,5703,570300,0,0,24000,360,1,Rural,Y
LP001716,Male,Yes,0,Graduate,No,3173,317300,3021,302100,24000,360,1,Urban,Y
LP001720,Male,Yes,3+,Not Graduate,No,3850,385000,983,98300,24000,360,1,Semiurban,Y
LP001722,Male,Yes,0,Graduate,No,150,15000,1800,180000,24000,360,1,Rural,N
LP001726,Male,Yes,0,Graduate,No,3727,372700,1775,177500,24000,360,1,Semiurban,Y
LP001732,Male,Yes,2,Graduate,,5000,500000,0,0,24000,360,0,Semiurban,N
LP001734,Female,Yes,2,Graduate,No,4283,428300,2383,238300,24000,360,,Semiurban,Y
LP001736,Male,Yes,0,Graduate,No,2221,222100,0,0,24000,360,0,Urban,N
LP001743,Male,Yes,2,Graduate,No,4009,400900,1717,171700,11600,360,1,Semiurban,Y
LP001744,Male,No,0,Graduate,No,2971,297100,2791,279100,11600,360,1,Semiurban,Y
LP001749,Male,Yes,0,Graduate,No,7578,757800,1010,101000,17500,,1,Semiurban,Y
LP001750,Male,Yes,0,Graduate,No,6250,625000,0,0,12800,360,1,Semiurban,Y
LP001751,Male,Yes,0,Graduate,No,3250,325000,0,0,17000,360,1,Rural,N
LP001754,Male,Yes,,Not Graduate,Yes,4735,473500,0,0,13800,360,1,Urban,N
LP001758,Male,Yes,2,Graduate,No,6250,625000,1695,169500,13800,360,1,Semiurban,Y
LP001760,Male,,,Graduate,No,4758,475800,0,0,13800,480,1,Semiurban,Y
LP001761,Male,No,0,Graduate,Yes,6400,640000,0,0,13800,360,1,Rural,Y
LP001765,Male,Yes,1,Graduate,No,2491,249100,2054,205400,13800,360,1,Semiurban,Y
LP001768,Male,Yes,0,Graduate,,3716,371600,0,0,13800,180,1,Rural,Y
LP001770,Male,No,0,Not Graduate,No,3189,318900,2598,259800,13800,,1,Rural,Y
LP001776,Female,No,0,Graduate,No,8333,833300,0,0,13800,360,1,Semiurban,Y
LP001778,Male,Yes,1,Graduate,No,3155,315500,1779,177900,13800,360,1,Semiurban,Y
LP001784,Male,Yes,1,Graduate,No,5500,550000,1260,126000,13800,360,1,Rural,Y
LP001786,Male,Yes,0,Graduate,,5746,574600,0,0,13800,360,,Urban,N
LP001788,Female,No,0,Graduate,Yes,3463,346300,0,0,13800,360,,Urban,Y
LP001790,Female,No,1,Graduate,No,3812,381200,0,0,13800,360,1,Rural,Y
LP001792,Male,Yes,1,Graduate,No,3315,331500,0,0,13800,360,1,Semiurban,Y
LP001798,Male,Yes,2,Graduate,No,5819,581900,5000,500000,12000,360,1,Rural,Y
LP001800,Male,Yes,1,Not Graduate,No,2510,251000,1983,198300,12000,180,1,Urban,N
LP001806,Male,No,0,Graduate,No,2965,296500,5701,570100,15500,60,1,Urban,Y
LP001807,Male,Yes,2,Graduate,Yes,6250,625000,1300,130000,15500,360,1,Rural,Y
LP001811,Male,Yes,0,Not Graduate,No,3406,340600,4417,441700,15500,360,1,Semiurban,Y
LP001813,Male,No,0,Graduate,Yes,6050,605000,4333,433300,15500,180,1,Urban,N
LP001814,Male,Yes,2,Graduate,No,9703,970300,0,0,15500,360,1,Urban,Y
LP001819,Male,Yes,1,Not Graduate,No,6608,660800,0,0,15500,180,1,Urban,Y
LP001824,Male,Yes,1,Graduate,No,2882,288200,1843,184300,15500,480,1,Semiurban,Y
LP001825,Male,Yes,0,Graduate,No,1809,180900,1868,186800,15500,360,1,Urban,Y
LP001835,Male,Yes,0,Not Graduate,No,1668,166800,3890,389000,15500,360,0,Semiurban,N
LP001836,Female,No,2,Graduate,No,3427,342700,0,0,13800,360,1,Urban,N
LP001841,Male,No,0,Not Graduate,Yes,2583,258300,2167,216700,10400,360,1,Rural,Y
LP001843,Male,Yes,1,Not Graduate,No,2661,266100,7101,710100,27900,180,1,Semiurban,Y
LP001844,Male,No,0,Graduate,Yes,16250,1625000,0,0,192000,360,0,Urban,N
LP001846,Female,No,3+,Graduate,No,3083,308300,0,0,25500,360,1,Rural,Y
LP001849,Male,No,0,Not Graduate,No,6045,604500,0,0,11500,360,0,Rural,N
LP001854,Male,Yes,3+,Graduate,No,5250,525000,0,0,9400,360,1,Urban,N
LP001859,Male,Yes,0,Graduate,No,14683,1468300,2100,210000,30400,360,1,Rural,N
LP001864,Male,Yes,3+,Not Graduate,No,4931,493100,0,0,12800,360,,Semiurban,N
LP001865,Male,Yes,1,Graduate,No,6083,608300,4250,425000,330000,360,,Urban,Y
LP001868,Male,No,0,Graduate,No,2060,206000,2209,220900,330000,360,1,Semiurban,Y
LP001870,Female,No,1,Graduate,No,3481,348100,0,0,330000,36,1,Semiurban,N
LP001871,Female,No,0,Graduate,No,7200,720000,0,0,330000,360,1,Rural,Y
LP001872,Male,No,0,Graduate,Yes,5166,516600,0,0,330000,360,1,Semiurban,Y
LP001875,Male,No,0,Graduate,No,4095,409500,3447,344700,15100,360,1,Rural,Y
LP001877,Male,Yes,2,Graduate,No,4708,470800,1387,138700,15100,360,1,Semiurban,Y
LP001882,Male,Yes,3+,Graduate,No,4333,433300,1811,181100,15100,360,0,Urban,Y
LP001883,Female,No,0,Graduate,,3418,341800,0,0,15100,360,1,Rural,N
LP001884,Female,No,1,Graduate,No,2876,287600,1560,156000,15100,360,1,Urban,Y
LP001888,Female,No,0,Graduate,No,3237,323700,0,0,15100,360,1,Urban,Y
LP001891,Male,Yes,0,Graduate,No,11146,1114600,0,0,15100,360,1,Urban,Y
LP001892,Male,No,0,Graduate,No,2833,283300,1857,185700,15100,360,1,Rural,Y
LP001894,Male,Yes,0,Graduate,No,2620,262000,2223,222300,15100,360,1,Semiurban,Y
LP001896,Male,Yes,2,Graduate,No,3900,390000,0,0,15100,360,1,Semiurban,Y
LP001900,Male,Yes,1,Graduate,No,2750,275000,1842,184200,15100,360,1,Semiurban,Y
LP001903,Male,Yes,0,Graduate,No,3993,399300,3274,327400,15100,360,1,Semiurban,Y
LP001904,Male,Yes,0,Graduate,No,3103,310300,1300,130000,15100,360,1,Urban,Y
LP001907,Male,Yes,0,Graduate,No,14583,1458300,0,0,15100,360,1,Semiurban,Y
LP001908,Female,Yes,0,Not Graduate,No,4100,410000,0,0,12400,360,,Rural,Y
LP001910,Male,No,1,Not Graduate,Yes,4053,405300,2426,242600,12400,360,0,Urban,N
LP001914,Male,Yes,0,Graduate,No,3927,392700,800,80000,12400,360,1,Semiurban,Y
LP001915,Male,Yes,2,Graduate,No,2301,230100,985.7999878,98579.99878,12400,180,1,Urban,Y
LP001917,Female,No,0,Graduate,No,1811,181100,1666,166600,12400,360,1,Urban,Y
LP001922,Male,Yes,0,Graduate,No,20667,2066700,0,0,12400,360,1,Rural,N
LP001924,Male,No,0,Graduate,No,3158,315800,3053,305300,12400,360,1,Rural,Y
LP001925,Female,No,0,Graduate,Yes,2600,260000,1717,171700,9900,300,1,Semiurban,N
LP001926,Male,Yes,0,Graduate,No,3704,370400,2000,200000,12000,360,1,Rural,Y
LP001931,Female,No,0,Graduate,No,4124,412400,0,0,12000,360,1,Semiurban,Y
LP001935,Male,No,0,Graduate,No,9508,950800,0,0,12000,360,1,Rural,Y
LP001936,Male,Yes,0,Graduate,No,3075,307500,2416,241600,12000,360,1,Rural,Y
LP001938,Male,Yes,2,Graduate,No,4400,440000,0,0,12000,360,0,Semiurban,N
LP001940,Male,Yes,2,Graduate,No,3153,315300,1560,156000,12000,360,1,Urban,Y
LP001945,Female,No,,Graduate,No,5417,541700,0,0,12000,480,0,Urban,N
LP001947,Male,Yes,0,Graduate,No,2383,238300,3334,333400,12000,360,1,Semiurban,Y
LP001949,Male,Yes,3+,Graduate,,4416,441600,1250,125000,12000,360,1,Urban,Y
LP001953,Male,Yes,1,Graduate,No,6875,687500,0,0,12000,360,1,Semiurban,Y
LP001954,Female,Yes,1,Graduate,No,4666,466600,0,0,12000,360,1,Urban,Y
LP001955,Female,No,0,Graduate,No,5000,500000,2541,254100,12000,480,1,Rural,N
LP001963,Male,Yes,1,Graduate,No,2014,201400,2925,292500,12000,360,1,Urban,N
LP001964,Male,Yes,0,Not Graduate,No,1800,180000,2934,293400,12000,360,0,Urban,N
LP001972,Male,Yes,,Not Graduate,No,2875,287500,1750,175000,12000,360,1,Semiurban,Y
LP001974,Female,No,0,Graduate,No,5000,500000,0,0,12000,360,1,Rural,Y
LP001977,Male,Yes,1,Graduate,No,1625,162500,1803,180300,12000,360,1,Urban,Y
LP001978,Male,No,0,Graduate,No,4000,400000,2500,250000,12000,360,1,Rural,Y
LP001990,Male,No,0,Not Graduate,No,2000,200000,0,0,,360,1,Urban,N
LP001993,Female,No,0,Graduate,No,3762,376200,1666,166600,13500,360,1,Rural,Y
LP001994,Female,No,0,Graduate,No,2400,240000,1863,186300,13500,360,0,Urban,N
LP001996,Male,No,0,Graduate,No,20233,2023300,0,0,13500,360,1,Rural,N
LP001998,Male,Yes,2,Not Graduate,No,7667,766700,0,0,13500,360,,Rural,Y
LP002002,Female,No,0,Graduate,No,2917,291700,0,0,13500,360,1,Semiurban,Y
LP002004,Male,No,0,Not Graduate,No,2927,292700,2405,240500,13500,360,1,Semiurban,Y
LP002006,Female,No,0,Graduate,No,2507,250700,0,0,13500,360,1,Rural,Y
LP002008,Male,Yes,2,Graduate,Yes,5746,574600,0,0,13500,84,,Rural,Y
LP002024,,Yes,0,Graduate,No,2473,247300,1843,184300,13500,360,1,Rural,N
LP002031,Male,Yes,1,Not Graduate,No,3399,339900,1640,164000,11100,180,1,Urban,Y
LP002035,Male,Yes,2,Graduate,No,3717,371700,0,0,12000,360,1,Semiurban,Y
LP002036,Male,Yes,0,Graduate,No,2058,205800,2134,213400,8800,360,,Urban,Y
LP002043,Female,No,1,Graduate,No,3541,354100,0,0,11200,360,,Semiurban,Y
LP002050,Male,Yes,1,Graduate,Yes,100,10000,0,0,15500,360,1,Rural,N
LP002051,Male,Yes,0,Graduate,No,2400,240000,2167,216700,11500,360,1,Semiurban,Y
LP002053,Male,Yes,3+,Graduate,No,4342,434200,189,18900,12400,360,1,Semiurban,Y
LP002054,Male,Yes,2,Not Graduate,No,3601,360100,1590,159000,0,360,1,Rural,Y
LP002055,Female,No,0,Graduate,No,3166,316600,2985,298500,13200,360,,Rural,Y
LP002065,Male,Yes,3+,Graduate,No,15000,1500000,0,0,30000,360,1,Rural,Y
LP002067,Male,Yes,1,Graduate,Yes,8666,866600,4983,498300,37600,360,0,Rural,N
LP002068,Male,No,0,Graduate,No,4917,491700,0,0,13000,360,0,Rural,Y
LP002082,Male,Yes,0,Graduate,Yes,5818,581800,2160,216000,18400,360,1,Semiurban,Y
LP002086,Female,Yes,0,Graduate,No,4333,433300,2451,245100,11000,360,1,Urban,N
LP002087,Female,No,0,Graduate,No,2500,250000,0,0,6700,360,1,Urban,Y
LP002097,Male,No,1,Graduate,No,4384,438400,1793,179300,11700,360,1,Urban,Y
LP002098,Male,No,0,Graduate,No,2935,293500,0,0,9800,360,1,Semiurban,Y
LP002100,Male,No,,Graduate,No,2833,283300,0,0,7100,360,1,Urban,Y
LP002101,Male,Yes,0,Graduate,,63337,6333700,0,0,49000,180,1,Urban,Y
LP002103,,Yes,1,Graduate,Yes,9833,983300,1833,183300,18200,180,1,Urban,Y
LP002106,Male,Yes,,Graduate,Yes,5503,550300,4490,449000,7000,,1,Semiurban,Y
LP002110,Male,Yes,1,Graduate,,5250,525000,688,68800,16000,360,1,Rural,Y
LP002112,Male,Yes,2,Graduate,Yes,2500,250000,4600,460000,17600,360,1,Rural,Y
LP002113,Female,No,3+,Not Graduate,No,1830,183000,0,0,0,360,0,Urban,N
LP002114,Female,No,0,Graduate,No,4160,416000,0,0,7100,360,1,Semiurban,Y
LP002115,Male,Yes,3+,Not Graduate,No,2647,264700,1587,158700,17300,360,1,Rural,N
LP002116,Female,No,0,Graduate,No,2378,237800,0,0,4600,360,1,Rural,N
LP002119,Male,Yes,1,Not Graduate,No,4554,455400,1229,122900,15800,360,1,Urban,Y
LP002126,Male,Yes,3+,Not Graduate,No,3173,317300,0,0,7400,360,1,Semiurban,Y
LP002128,Male,Yes,2,Graduate,,2583,258300,2330,233000,12500,360,1,Rural,Y
LP002129,Male,Yes,0,Graduate,No,2499,249900,2458,245800,16000,360,1,Semiurban,Y
LP002130,Male,Yes,,Not Graduate,No,3523,352300,3230,323000,15200,360,0,Rural,N
LP002131,Male,Yes,2,Not Graduate,No,3083,308300,2168,216800,12600,360,1,Urban,Y
LP002137,Male,Yes,0,Graduate,No,6333,633300,4583,458300,25900,360,,Semiurban,Y
LP002138,Male,Yes,0,Graduate,No,2625,262500,6250,625000,18700,360,1,Rural,Y
LP002139,Male,Yes,0,Graduate,No,9083,908300,0,0,22800,360,1,Semiurban,Y
LP002140,Male,No,0,Graduate,No,8750,875000,4167,416700,30800,360,1,Rural,N
LP002141,Male,Yes,3+,Graduate,No,2666,266600,2083,208300,9500,360,1,Rural,Y
LP002142,Female,Yes,0,Graduate,Yes,5500,550000,0,0,10500,360,0,Rural,N
LP002143,Female,Yes,0,Graduate,No,2423,242300,505,50500,13000,360,1,Semiurban,Y
LP002144,Female,No,,Graduate,No,3813,381300,0,0,11600,180,1,Urban,Y
LP002149,Male,Yes,2,Graduate,No,8333,833300,3167,316700,16500,360,1,Rural,Y
LP002151,Male,Yes,1,Graduate,No,3875,387500,0,0,6700,360,1,Urban,N
LP002158,Male,Yes,0,Not Graduate,No,3000,300000,1666,166600,10000,480,0,Urban,N
LP002160,Male,Yes,3+,Graduate,No,5167,516700,3167,316700,20000,360,1,Semiurban,Y
LP002161,Female,No,1,Graduate,No,4723,472300,0,0,8100,360,1,Semiurban,N
LP002170,Male,Yes,2,Graduate,No,5000,500000,3667,366700,23600,360,1,Semiurban,Y
LP002175,Male,Yes,0,Graduate,No,4750,475000,2333,233300,13000,360,1,Urban,Y
LP002178,Male,Yes,0,Graduate,No,3013,301300,3033,303300,9500,300,,Urban,Y
LP002180,Male,No,0,Graduate,Yes,6822,682200,0,0,14100,360,1,Rural,Y
LP002181,Male,No,0,Not Graduate,No,6216,621600,0,0,13300,360,1,Rural,N
LP002187,Male,No,0,Graduate,No,2500,250000,0,0,9600,480,1,Semiurban,N
LP002188,Male,No,0,Graduate,No,5124,512400,0,0,12400,,0,Rural,N
LP002190,Male,Yes,1,Graduate,No,6325,632500,0,0,17500,360,1,Semiurban,Y
LP002191,Male,Yes,0,Graduate,No,19730,1973000,5266,526600,57000,360,1,Rural,N
LP002194,Female,No,0,Graduate,Yes,15759,1575900,0,0,5500,360,1,Semiurban,Y
LP002197,Male,Yes,2,Graduate,No,5185,518500,0,0,15500,360,1,Semiurban,Y
LP002201,Male,Yes,2,Graduate,Yes,9323,932300,7873,787300,38000,300,1,Rural,Y
LP002205,Male,No,1,Graduate,No,3062,306200,1987,198700,11100,180,0,Urban,N
LP002209,Female,No,0,Graduate,,2764,276400,1459,145900,11000,360,1,Urban,Y
LP002211,Male,Yes,0,Graduate,No,4817,481700,923,92300,12000,180,1,Urban,Y
LP002219,Male,Yes,3+,Graduate,No,8750,875000,4996,499600,13000,360,1,Rural,Y
LP002223,Male,Yes,0,Graduate,No,4310,431000,0,0,13000,360,,Semiurban,Y
LP002224,Male,No,0,Graduate,No,3069,306900,0,0,7100,480,1,Urban,N
LP002225,Male,Yes,2,Graduate,No,5391,539100,0,0,13000,360,1,Urban,Y
LP002226,Male,Yes,0,Graduate,,3333,333300,2500,250000,12800,360,1,Semiurban,Y
LP002229,Male,No,0,Graduate,No,5941,594100,4232,423200,29600,360,1,Semiurban,Y
LP002231,Female,No,0,Graduate,No,6000,600000,0,0,15600,360,1,Urban,Y
LP002234,Male,No,0,Graduate,Yes,7167,716700,0,0,12800,360,1,Urban,Y
LP002236,Male,Yes,2,Graduate,No,4566,456600,0,0,10000,360,1,Urban,N
LP002237,Male,No,1,Graduate,,3667,366700,0,0,11300,180,1,Urban,Y
LP002239,Male,No,0,Not Graduate,No,2346,234600,1600,160000,13200,360,1,Semiurban,Y
LP002243,Male,Yes,0,Not Graduate,No,3010,301000,3136,313600,0,360,0,Urban,N
LP002244,Male,Yes,0,Graduate,No,2333,233300,2417,241700,13600,360,1,Urban,Y
LP002250,Male,Yes,0,Graduate,No,5488,548800,0,0,12500,360,1,Rural,Y
LP002255,Male,No,3+,Graduate,No,9167,916700,0,0,18500,360,1,Rural,Y
LP002262,Male,Yes,3+,Graduate,No,9504,950400,0,0,27500,360,1,Rural,Y
LP002263,Male,Yes,0,Graduate,No,2583,258300,2115,211500,12000,360,,Urban,Y
LP002265,Male,Yes,2,Not Graduate,No,1993,199300,1625,162500,11300,180,1,Semiurban,Y
LP002266,Male,Yes,2,Graduate,No,3100,310000,1400,140000,11300,360,1,Urban,Y
LP002272,Male,Yes,2,Graduate,No,3276,327600,484,48400,13500,360,,Semiurban,Y
LP002277,Female,No,0,Graduate,No,3180,318000,0,0,7100,360,0,Urban,N
LP002281,Male,Yes,0,Graduate,No,3033,303300,1459,145900,9500,360,1,Urban,Y
LP002284,Male,No,0,Not Graduate,No,3902,390200,1666,166600,10900,360,1,Rural,Y
LP002287,Female,No,0,Graduate,No,1500,150000,1800,180000,10300,360,0,Semiurban,N
LP002288,Male,Yes,2,Not Graduate,No,2889,288900,0,0,4500,180,0,Urban,N
LP002296,Male,No,0,Not Graduate,No,2755,275500,0,0,6500,300,1,Rural,N
LP002297,Male,No,0,Graduate,No,2500,250000,20000,2000000,10300,360,1,Semiurban,Y
LP002300,Female,No,0,Not Graduate,No,1963,196300,0,0,5300,360,1,Semiurban,Y
LP002301,Female,No,0,Graduate,Yes,7441,744100,0,0,19400,360,1,Rural,N
LP002305,Female,No,0,Graduate,No,4547,454700,0,0,11500,360,1,Semiurban,Y
LP002308,Male,Yes,0,Not Graduate,No,2167,216700,2400,240000,11500,360,1,Urban,Y
LP002314,Female,No,0,Not Graduate,No,2213,221300,0,0,6600,360,1,Rural,Y
LP002315,Male,Yes,1,Graduate,No,8300,830000,0,0,15200,300,0,Semiurban,N
LP002317,Male,Yes,3+,Graduate,No,81000,8100000,0,0,36000,360,0,Rural,N
LP002318,Female,No,1,Not Graduate,Yes,3867,386700,0,0,6200,360,1,Semiurban,N
LP002319,Male,Yes,0,Graduate,,6256,625600,0,0,16000,360,,Urban,Y
LP002328,Male,Yes,0,Not Graduate,No,6096,609600,0,0,21800,360,0,Rural,N
LP002332,Male,Yes,0,Not Graduate,No,2253,225300,2033,203300,11000,360,1,Rural,Y
LP002335,Female,Yes,0,Not Graduate,No,2149,214900,3237,323700,17800,360,0,Semiurban,N
LP002337,Female,No,0,Graduate,No,2995,299500,0,0,6000,360,1,Urban,Y
LP002341,Female,No,1,Graduate,No,2600,260000,0,0,16000,360,1,Urban,N
LP002342,Male,Yes,2,Graduate,Yes,1600,160000,20000,2000000,23900,360,1,Urban,N
LP002345,Male,Yes,0,Graduate,No,1025,102500,2773,277300,11200,360,1,Rural,Y
LP002347,Male,Yes,0,Graduate,No,3246,324600,1417,141700,13800,360,1,Semiurban,Y
LP002348,Male,Yes,0,Graduate,No,5829,582900,0,0,13800,360,1,Rural,Y
LP002357,Female,No,0,Not Graduate,No,2720,272000,0,0,8000,,0,Urban,N
LP002361,Male,Yes,0,Graduate,No,1820,182000,1719,171900,10000,360,1,Urban,Y
LP002362,Male,Yes,1,Graduate,No,7250,725000,1667,166700,11000,,0,Urban,N
LP002364,Male,Yes,0,Graduate,No,14880,1488000,0,0,9600,360,1,Semiurban,Y
LP002366,Male,Yes,0,Graduate,No,2666,266600,4300,430000,12100,360,1,Rural,Y
LP002367,Female,No,1,Not Graduate,No,4606,460600,0,0,8100,360,1,Rural,N
LP002368,Male,Yes,2,Graduate,No,5935,593500,0,0,13300,360,1,Semiurban,Y
LP002369,Male,Yes,0,Graduate,No,2920,292000,16.12000084,1612.000084,8700,360,1,Rural,Y
LP002370,Male,No,0,Not Graduate,No,2717,271700,0,0,6000,180,1,Urban,Y
LP002377,Female,No,1,Graduate,Yes,8624,862400,0,0,15000,360,1,Semiurban,Y
LP002379,Male,No,0,Graduate,No,6500,650000,0,0,10500,360,0,Rural,N
LP002386,Male,No,0,Graduate,,12876,1287600,0,0,40500,360,1,Semiurban,Y
LP002387,Male,Yes,0,Graduate,No,2425,242500,2340,234000,14300,360,1,Semiurban,Y
LP002390,Male,No,0,Graduate,No,3750,375000,0,0,10000,360,1,Urban,Y
LP002393,Female,,,Graduate,No,10047,1004700,0,0,0,240,1,Semiurban,Y
LP002398,Male,No,0,Graduate,No,1926,192600,1851,185100,5000,360,1,Semiurban,Y
LP002401,Male,Yes,0,Graduate,No,2213,221300,1125,112500,0,360,1,Urban,Y
LP002403,Male,No,0,Graduate,Yes,10416,1041600,0,0,18700,360,0,Urban,N
LP002407,Female,Yes,0,Not Graduate,Yes,7142,714200,0,0,13800,360,1,Rural,Y
LP002408,Male,No,0,Graduate,No,3660,366000,5064,506400,18700,360,1,Semiurban,Y
LP002409,Male,Yes,0,Graduate,No,7901,790100,1833,183300,18000,360,1,Rural,Y
LP002418,Male,No,3+,Not Graduate,No,4707,470700,1993,199300,14800,360,1,Semiurban,Y
LP002422,Male,No,1,Graduate,No,37719,3771900,0,0,15200,360,1,Semiurban,Y
LP002424,Male,Yes,0,Graduate,No,7333,733300,8333,833300,17500,300,,Rural,Y
LP002429,Male,Yes,1,Graduate,Yes,3466,346600,1210,121000,13000,360,1,Rural,Y
LP002434,Male,Yes,2,Not Graduate,No,4652,465200,0,0,11000,360,1,Rural,Y
LP002435,Male,Yes,0,Graduate,,3539,353900,1376,137600,5500,360,1,Rural,N
LP002443,Male,Yes,2,Graduate,No,3340,334000,1710,171000,15000,360,0,Rural,N
LP002444,Male,No,1,Not Graduate,Yes,2769,276900,1542,154200,19000,360,,Semiurban,N
LP002446,Male,Yes,2,Not Graduate,No,2309,230900,1255,125500,12500,360,0,Rural,N
LP002447,Male,Yes,2,Not Graduate,No,1958,195800,1456,145600,6000,300,,Urban,Y
LP002448,Male,Yes,0,Graduate,No,3948,394800,1733,173300,14900,360,0,Rural,N
LP002449,Male,Yes,0,Graduate,No,2483,248300,2466,246600,9000,180,0,Rural,Y
LP002453,Male,No,0,Graduate,Yes,7085,708500,0,0,8400,360,1,Semiurban,Y
LP002455,Male,Yes,2,Graduate,No,3859,385900,0,0,9600,360,1,Semiurban,Y
LP002459,Male,Yes,0,Graduate,No,4301,430100,0,0,11800,360,1,Urban,Y
LP002467,Male,Yes,0,Graduate,No,3708,370800,2569,256900,17300,360,1,Urban,N
LP002472,Male,No,2,Graduate,No,4354,435400,0,0,13600,360,1,Rural,Y
LP002473,Male,Yes,0,Graduate,No,8334,833400,0,0,16000,360,1,Semiurban,N
LP002478,,Yes,0,Graduate,Yes,2083,208300,4083,408300,16000,360,,Semiurban,Y
LP002484,Male,Yes,3+,Graduate,No,7740,774000,0,0,12800,180,1,Urban,Y
LP002487,Male,Yes,0,Graduate,No,3015,301500,2188,218800,15300,360,1,Rural,Y
LP002489,Female,No,1,Not Graduate,,5191,519100,0,0,13200,360,1,Semiurban,Y
LP002493,Male,No,0,Graduate,No,4166,416600,0,0,9800,360,0,Semiurban,N
LP002494,Male,No,0,Graduate,No,6000,600000,0,0,14000,360,1,Rural,Y
LP002500,Male,Yes,3+,Not Graduate,No,2947,294700,1664,166400,7000,180,0,Urban,N
LP002501,,Yes,0,Graduate,No,16692,1669200,0,0,11000,360,1,Semiurban,Y
LP002502,Female,Yes,2,Not Graduate,,210,21000,2917,291700,9800,360,1,Semiurban,Y
LP002505,Male,Yes,0,Graduate,No,4333,433300,2451,245100,11000,360,1,Urban,N
LP002515,Male,Yes,1,Graduate,Yes,3450,345000,2079,207900,16200,360,1,Semiurban,Y
LP002517,Male,Yes,1,Not Graduate,No,2653,265300,1500,150000,11300,180,0,Rural,N
LP002519,Male,Yes,3+,Graduate,No,4691,469100,0,0,10000,360,1,Semiurban,Y
LP002522,Female,No,0,Graduate,Yes,2500,250000,0,0,9300,360,,Urban,Y
LP002524,Male,No,2,Graduate,No,5532,553200,4648,464800,16200,360,1,Rural,Y
LP002527,Male,Yes,2,Graduate,Yes,16525,1652500,1014,101400,15000,360,1,Rural,Y
LP002529,Male,Yes,2,Graduate,No,6700,670000,1750,175000,23000,300,1,Semiurban,Y
LP002530,,Yes,2,Graduate,No,2873,287300,1872,187200,13200,360,0,Semiurban,N
LP002531,Male,Yes,1,Graduate,Yes,16667,1666700,2250,225000,8600,360,1,Semiurban,Y
LP002533,Male,Yes,2,Graduate,No,2947,294700,1603,160300,0,360,1,Urban,N
LP002534,Female,No,0,Not Graduate,No,4350,435000,0,0,15400,360,1,Rural,Y
LP002536,Male,Yes,3+,Not Graduate,No,3095,309500,0,0,11300,360,1,Rural,Y
LP002537,Male,Yes,0,Graduate,No,2083,208300,3150,315000,12800,360,1,Semiurban,Y
LP002541,Male,Yes,0,Graduate,No,10833,1083300,0,0,23400,360,1,Semiurban,Y
LP002543,Male,Yes,2,Graduate,No,8333,833300,0,0,24600,360,1,Semiurban,Y
LP002544,Male,Yes,1,Not Graduate,No,1958,195800,2436,243600,13100,360,1,Rural,Y
LP002545,Male,No,2,Graduate,No,3547,354700,0,0,8000,360,0,Rural,N
LP002547,Male,Yes,1,Graduate,No,18333,1833300,0,0,50000,360,1,Urban,N
LP002555,Male,Yes,2,Graduate,Yes,4583,458300,2083,208300,16000,360,1,Semiurban,Y
LP002556,Male,No,0,Graduate,No,2435,243500,0,0,7500,360,1,Urban,N
LP002560,Male,No,0,Not Graduate,No,2699,269900,2785,278500,9600,360,,Semiurban,Y
LP002562,Male,Yes,1,Not Graduate,No,5333,533300,1131,113100,18600,360,,Urban,Y
LP002571,Male,No,0,Not Graduate,No,3691,369100,0,0,11000,360,1,Rural,Y
LP002582,Female,No,0,Not Graduate,Yes,17263,1726300,0,0,22500,360,1,Semiurban,Y
LP002585,Male,Yes,0,Graduate,No,3597,359700,2157,215700,11900,360,0,Rural,N
LP002586,Female,Yes,1,Graduate,No,3326,332600,913,91300,10500,84,1,Semiurban,Y
LP002587,Male,Yes,0,Not Graduate,No,2600,260000,1700,170000,10700,360,1,Rural,Y
LP002588,Male,Yes,0,Graduate,No,4625,462500,2857,285700,11100,12,,Urban,Y
LP002600,Male,Yes,1,Graduate,Yes,2895,289500,0,0,9500,360,1,Semiurban,Y
LP002602,Male,No,0,Graduate,No,6283,628300,4416,441600,20900,360,0,Rural,N
LP002603,Female,No,0,Graduate,No,645,64500,3683,368300,11300,480,1,Rural,Y
LP002606,Female,No,0,Graduate,No,3159,315900,0,0,10000,360,1,Semiurban,Y
LP002615,Male,Yes,2,Graduate,No,4865,486500,5624,562400,20800,360,1,Semiurban,Y
LP002618,Male,Yes,1,Not Graduate,No,4050,405000,5302,530200,13800,360,,Rural,N
LP002619,Male,Yes,0,Not Graduate,No,3814,381400,1483,148300,12400,300,1,Semiurban,Y
LP002622,Male,Yes,2,Graduate,No,3510,351000,4416,441600,24300,360,1,Rural,Y
LP002624,Male,Yes,0,Graduate,No,20833,2083300,6667,666700,48000,360,,Urban,Y
LP002625,,No,0,Graduate,No,3583,358300,0,0,9600,360,1,Urban,N
LP002626,Male,Yes,0,Graduate,Yes,2479,247900,3013,301300,18800,360,1,Urban,Y
LP002634,Female,No,1,Graduate,No,13262,1326200,0,0,4000,360,1,Urban,Y
LP002637,Male,No,0,Not Graduate,No,3598,359800,1287,128700,10000,360,1,Rural,N
LP002640,Male,Yes,1,Graduate,No,6065,606500,2004,200400,25000,360,1,Semiurban,Y
LP002643,Male,Yes,2,Graduate,No,3283,328300,2035,203500,14800,360,1,Urban,Y
LP002648,Male,Yes,0,Graduate,No,2130,213000,6666,666600,7000,180,1,Semiurban,N
LP002652,Male,No,0,Graduate,No,5815,581500,3666,366600,31100,360,1,Rural,N
LP002659,Male,Yes,3+,Graduate,No,3466,346600,3428,342800,15000,360,1,Rural,Y
LP002670,Female,Yes,2,Graduate,No,2031,203100,1632,163200,11300,480,1,Semiurban,Y
LP002682,Male,Yes,,Not Graduate,No,3074,307400,1800,180000,12300,360,0,Semiurban,N
LP002683,Male,No,0,Graduate,No,4683,468300,1915,191500,18500,360,1,Semiurban,N
LP002684,Female,No,0,Not Graduate,No,3400,340000,0,0,9500,360,1,Rural,N
LP002689,Male,Yes,2,Not Graduate,No,2192,219200,1742,174200,4500,360,1,Semiurban,Y
LP002690,Male,No,0,Graduate,No,2500,250000,0,0,5500,360,1,Semiurban,Y
LP002692,Male,Yes,3+,Graduate,Yes,5677,567700,1424,142400,10000,360,1,Rural,Y
LP002693,Male,Yes,2,Graduate,Yes,7948,794800,7166,716600,48000,360,1,Rural,Y
LP002697,Male,No,0,Graduate,No,4680,468000,2087,208700,0,360,1,Semiurban,N
LP002699,Male,Yes,2,Graduate,Yes,17500,1750000,0,0,40000,360,1,Rural,Y
LP002705,Male,Yes,0,Graduate,No,3775,377500,0,0,11000,360,1,Semiurban,Y
LP002706,Male,Yes,1,Not Graduate,No,5285,528500,1430,143000,16100,360,0,Semiurban,Y
LP002714,Male,No,1,Not Graduate,No,2679,267900,1302,130200,9400,360,1,Semiurban,Y
LP002716,Male,No,0,Not Graduate,No,6783,678300,0,0,13000,360,1,Semiurban,Y
LP002717,Male,Yes,0,Graduate,No,1025,102500,5500,550000,21600,360,,Rural,Y
LP002720,Male,Yes,3+,Graduate,No,4281,428100,0,0,10000,360,1,Urban,Y
LP002723,Male,No,2,Graduate,No,3588,358800,0,0,11000,360,0,Rural,N
LP002729,Male,No,1,Graduate,No,11250,1125000,0,0,19600,360,,Semiurban,N
LP002731,Female,No,0,Not Graduate,Yes,18165,1816500,0,0,12500,360,1,Urban,Y
LP002732,Male,No,0,Not Graduate,,2550,255000,2042,204200,12600,360,1,Rural,Y
LP002734,Male,Yes,0,Graduate,No,6133,613300,3906,390600,32400,360,1,Urban,Y
LP002738,Male,No,2,Graduate,No,3617,361700,0,0,10700,360,1,Semiurban,Y
LP002739,Male,Yes,0,Not Graduate,No,2917,291700,536,53600,6600,360,1,Rural,N
LP002740,Male,Yes,3+,Graduate,No,6417,641700,0,0,15700,180,1,Rural,Y
LP002741,Female,Yes,1,Graduate,No,4608,460800,2845,284500,14000,180,1,Semiurban,Y
LP002743,Female,No,0,Graduate,No,2138,213800,0,0,9900,360,0,Semiurban,N
LP002753,Female,No,1,Graduate,,3652,365200,0,0,9500,360,1,Semiurban,Y
LP002755,Male,Yes,1,Not Graduate,No,2239,223900,2524,252400,12800,360,1,Urban,Y
LP002757,Female,Yes,0,Not Graduate,No,3017,301700,663,66300,10200,360,,Semiurban,Y
LP002767,Male,Yes,0,Graduate,No,2768,276800,1950,195000,15500,360,1,Rural,Y
LP002768,Male,No,0,Not Graduate,No,3358,335800,0,0,8000,36,1,Semiurban,N
LP002772,Male,No,0,Graduate,No,2526,252600,1783,178300,14500,360,1,Rural,Y
LP002776,Female,No,0,Graduate,No,5000,500000,0,0,10300,360,0,Semiurban,N
LP002777,Male,Yes,0,Graduate,No,2785,278500,2016,201600,11000,360,1,Rural,Y
LP002778,Male,Yes,2,Graduate,Yes,6633,663300,0,0,0,360,0,Rural,N
LP002784,Male,Yes,1,Not Graduate,No,2492,249200,2375,237500,0,360,1,Rural,Y
LP002785,Male,Yes,1,Graduate,No,3333,333300,3250,325000,15800,360,1,Urban,Y
LP002788,Male,Yes,0,Not Graduate,No,2454,245400,2333,233300,18100,360,0,Urban,N
LP002789,Male,Yes,0,Graduate,No,3593,359300,4266,426600,13200,180,0,Rural,N
LP002792,Male,Yes,1,Graduate,No,5468,546800,1032,103200,2600,360,1,Semiurban,Y
LP002794,Female,No,0,Graduate,No,2667,266700,1625,162500,8400,360,,Urban,Y
LP002795,Male,Yes,3+,Graduate,Yes,10139,1013900,0,0,26000,360,1,Semiurban,Y
LP002798,Male,Yes,0,Graduate,No,3887,388700,2669,266900,16200,360,1,Semiurban,Y
LP002804,Female,Yes,0,Graduate,No,4180,418000,2306,230600,18200,360,1,Semiurban,Y
LP002807,Male,Yes,2,Not Graduate,No,3675,367500,242,24200,10800,360,1,Semiurban,Y
LP002813,Female,Yes,1,Graduate,Yes,19484,1948400,0,0,60000,360,1,Semiurban,Y
LP002820,Male,Yes,0,Graduate,No,5923,592300,2054,205400,21100,360,1,Rural,Y
LP002821,Male,No,0,Not Graduate,Yes,5800,580000,0,0,13200,360,1,Semiurban,Y
LP002832,Male,Yes,2,Graduate,No,8799,879900,0,0,25800,360,0,Urban,N
LP002833,Male,Yes,0,Not Graduate,No,4467,446700,0,0,12000,360,,Rural,Y
LP002836,Male,No,0,Graduate,No,3333,333300,0,0,7000,360,1,Urban,Y
LP002837,Male,Yes,3+,Graduate,No,3400,340000,2500,250000,12300,360,0,Rural,N
LP002840,Female,No,0,Graduate,No,2378,237800,0,0,900,360,1,Urban,N
LP002841,Male,Yes,0,Graduate,No,3166,316600,2064,206400,10400,360,0,Urban,N
LP002842,Male,Yes,1,Graduate,No,3417,341700,1750,175000,18600,360,1,Urban,Y
LP002847,Male,Yes,,Graduate,No,5116,511600,1451,145100,16500,360,0,Urban,N
LP002855,Male,Yes,2,Graduate,No,16666,1666600,0,0,27500,360,1,Urban,Y
LP002862,Male,Yes,2,Not Graduate,No,6125,612500,1625,162500,18700,480,1,Semiurban,N
LP002863,Male,Yes,3+,Graduate,No,6406,640600,0,0,15000,360,1,Semiurban,N
LP002868,Male,Yes,2,Graduate,No,3159,315900,461,46100,10800,84,1,Urban,Y
LP002872,,Yes,0,Graduate,No,3087,308700,2210,221000,13600,360,0,Semiurban,N
LP002874,Male,No,0,Graduate,No,3229,322900,2739,273900,11000,360,1,Urban,Y
LP002877,Male,Yes,1,Graduate,No,1782,178200,2232,223200,10700,360,1,Rural,Y
LP002888,Male,No,0,Graduate,,3182,318200,2917,291700,16100,360,1,Urban,Y
LP002892,Male,Yes,2,Graduate,No,6540,654000,0,0,20500,360,1,Semiurban,Y
LP002893,Male,No,0,Graduate,No,1836,183600,33837,3383700,9000,360,1,Urban,N
LP002894,Female,Yes,0,Graduate,No,3166,316600,0,0,3600,360,1,Semiurban,Y
LP002898,Male,Yes,1,Graduate,No,1880,188000,0,0,6100,360,,Rural,N
LP002911,Male,Yes,1,Graduate,No,2787,278700,1917,191700,14600,360,0,Rural,N
LP002912,Male,Yes,1,Graduate,No,4283,428300,3000,300000,17200,84,1,Rural,N
LP002916,Male,Yes,0,Graduate,No,2297,229700,1522,152200,10400,360,1,Urban,Y
LP002917,Female,No,0,Not Graduate,No,2165,216500,0,0,7000,360,1,Semiurban,Y
LP002925,,No,0,Graduate,No,4750,475000,0,0,9400,360,1,Semiurban,Y
LP002926,Male,Yes,2,Graduate,Yes,2726,272600,0,0,10600,360,0,Semiurban,N
LP002928,Male,Yes,0,Graduate,No,3000,300000,3416,341600,5600,180,1,Semiurban,Y
LP002931,Male,Yes,2,Graduate,Yes,6000,600000,0,0,20500,240,1,Semiurban,N
LP002933,,No,3+,Graduate,Yes,9357,935700,0,0,29200,360,1,Semiurban,Y
LP002936,Male,Yes,0,Graduate,No,3859,385900,3300,330000,14200,180,1,Rural,Y
LP002938,Male,Yes,0,Graduate,Yes,16120,1612000,0,0,26000,360,1,Urban,Y
LP002940,Male,No,0,Not Graduate,No,3833,383300,0,0,11000,360,1,Rural,Y
LP002941,Male,Yes,2,Not Graduate,Yes,6383,638300,1000,100000,18700,360,1,Rural,N
LP002943,Male,No,,Graduate,No,2987,298700,0,0,8800,360,0,Semiurban,N
LP002945,Male,Yes,0,Graduate,Yes,9963,996300,0,0,18000,360,1,Rural,Y
LP002948,Male,Yes,2,Graduate,No,5780,578000,0,0,19200,360,1,Urban,Y
LP002949,Female,No,3+,Graduate,,416,41600,41667,4166700,35000,180,,Urban,N
LP002950,Male,Yes,0,Not Graduate,,2894,289400,2792,279200,15500,360,1,Rural,Y
LP002953,Male,Yes,3+,Graduate,No,5703,570300,0,0,12800,360,1,Urban,Y
LP002958,Male,No,0,Graduate,No,3676,367600,4301,430100,17200,360,1,Rural,Y
LP002959,Female,Yes,1,Graduate,No,12000,1200000,0,0,49600,360,1,Semiurban,Y
LP002960,Male,Yes,0,Not Graduate,No,2400,240000,3800,380000,0,180,1,Urban,N
LP002961,Male,Yes,1,Graduate,No,3400,340000,2500,250000,17300,360,1,Semiurban,Y
LP002964,Male,Yes,2,Not Graduate,No,3987,398700,1411,141100,15700,360,1,Rural,Y
LP002974,Male,Yes,0,Graduate,No,3232,323200,1950,195000,10800,360,1,Rural,Y
LP002978,Female,No,0,Graduate,No,2900,290000,0,0,7100,360,1,Rural,Y
LP002979,Male,Yes,3+,Graduate,No,4106,410600,0,0,4000,180,1,Rural,Y
LP002983,Male,Yes,1,Graduate,No,8072,807200,240,24000,25300,360,1,Urban,Y
LP002984,Male,Yes,2,Graduate,No,7583,758300,0,0,18700,360,1,Urban,Y
LP002990,Female,No,0,Graduate,Yes,4583,458300,0,0,13300,360,0,Semiurban,N
